{
    "fabric:load_conditions": [
        {
            "condition": "fabric:all_mods_loaded",
            "values": [
                "gtceu"
            ]
        }
    ],
    "forge:conditions": [
        {
            "type": "forge:mod_loaded",
            "modid": "gtceu"
        }
    ],
    "neoforge:conditions": [
        {
            "type": "neoforge:mod_loaded",
            "modid": "gtceu"
        }
    ],
    "type": "minecraft:crafting_shaped",
    "pattern": [
        "###",
        "#G#",
        "###"
    ],
    "key": {
        "#": {
            "item": "minecraft:sugar_cane"
        },
        "G": {
            "item": "gtceu:exquisite_pyrope_gem"
        }
    },
    "result": {
        "count": 1,
        "item": "growable_ores:gtm_exquisite_pyrope_cane"
    }
}